Category_Name,Product_Name,Product_Price
Accessories,Team Golf New England Patriots Putter Grip,24.989999771118164
Accessories,Team Golf Pittsburgh Steelers Putter Grip,24.989999771118164
Accessories,Team Golf San Francisco Giants Putter Grip,24.989999771118164
Accessories,Team Golf St. Louis Cardinals Putter Grip,24.989999771118164
Accessories,Team Golf Tennessee Volunteers Putter Grip,24.989999771118164
Accessories,Team Golf Texas Longhorns Putter Grip,24.989999771118164
As Seen on  TV!,Nike Men's Free TR 5.0 TB Training Shoe,99.98999786376953
"Baby ",Baby sweater,59.08000183105469
Baseball & Softball,adidas Brazuca 2014 Official Match Ball,159.99000549316406
Baseball & Softball,adidas Kids' F5 Messi FG Soccer Cleat,34.9900016784668
Baseball & Softball,adidas Men's F10 Messi TRX FG Soccer Cleat,59.9900016784668
Basketball,Diamondback Boys' Insight 24 Performance Hybr,299.989990234375
Basketball,Diamondback Girls' Clarity 24 Hybrid Bike 201,299.989990234375
Basketball,SOLE E25 Elliptical,999.989990234375
"Books ","Sports Books ",31.079999923706055
Boxing & MMA,Brooks Women's Ghost 6 Running Shoe,89.98999786376953
Boxing & MMA,Nike Women's Free 5.0 TR FIT PRT 4 Training S,94.98999786376953
Boxing & MMA,Under Armour Women's Micro G Skulpt Running S,54.970001220703125
"Cameras ",Web Camera,452.0400085449219
Camping & Hiking,Diamondback Women's Serene Classic Comfort Bi,299.9800109863281
Cardio Equipment,Nike Men's Free 5.0+ Running Shoe,99.98999786376953
Cardio Equipment,Nike Women's Tempo Shorts,30
"CDs ",CDs of rock,11.289999961853027
Children's Clothing,Children's heaters,357.1000061035156
Cleats,Perfect Fitness Perfect Rip Deck,59.9900016784668
Cleats,Total Gym 1400,299.989990234375
Computers,Dell Laptop,1500
Consumer Electronics,Industrial consumer electronics,252.8800048828125
Crafts,Porcelain crafts,461.4800109863281
DVDs,"DVDs ",164.3800048828125
Electronics,Bridgestone e6 Straight Distance NFL Carolina,31.989999771118164
Electronics,Bridgestone e6 Straight Distance NFL San Dieg,31.989999771118164
Electronics,Bridgestone e6 Straight Distance NFL Tennesse,31.989999771118164
Electronics,Titleist Pro V1 High Numbers Personalized Gol,51.9900016784668
Electronics,Titleist Pro V1x Golf Balls,47.9900016784668
Electronics,Titleist Pro V1x High Numbers Golf Balls,47.9900016784668
Electronics,Titleist Pro V1x High Numbers Personalized Go,51.9900016784668
Electronics,Under Armour Kids' Mercenary Slide,27.989999771118164
Electronics,Under Armour Men's Compression EV SL Slide,44.9900016784668
Electronics,Under Armour Women's Ignite PIP VI Slide,31.989999771118164
Electronics,Under Armour Women's Ignite Slide,31.989999771118164
Fishing,Field & Stream Sportsman 16 Gun Fire Safe,399.9800109863281
Fitness Accessories,Bowflex SelectTech 1090 Dumbbells,599.989990234375
Fitness Accessories,Under Armour Hustle Storm Medium Duffle Bag,34.9900016784668
Garden,Lawn mower,532.5800170898438
Girls' Apparel,adidas Men's Germany Black Crest Away Tee,25
Girls' Apparel,adidas Youth Germany Black/Red Away Match Soc,70
Girls' Apparel,Nike Men's Deutschland Weltmeister Winners Bl,30
Girls' Apparel,TYR Boys' Team Digi Jammer,39.9900016784668
Golf Apparel,Cleveland Golf Women's 588 RTX CB Satin Chrom,119.98999786376953
Golf Apparel,TaylorMade Women's RBZ SL Rescue,129.99000549316406
Golf Apparel,Top Flite Women's 2014 XL Hybrid,19.989999771118164
Golf Bags & Carts,Ogio Race Golf Shoes,169.99000549316406
Golf Balls,Glove It Women's Imperial Golf Glove,19.989999771118164
Golf Balls,Glove It Women's Mod Oval Golf Glove,19.989999771118164
Golf Balls,Hirzl Men's Hybrid Golf Glove,14.989999771118164
Golf Balls,Hirzl Women's Hybrid Golf Glove,14.989999771118164
Golf Balls,Hirzl Women's Soffft Flex Golf Glove,17.989999771118164
Golf Gloves,Bag Boy Beverage Holder,24.989999771118164
Golf Gloves,Bag Boy M330 Push Cart,79.98999786376953
Golf Gloves,Clicgear 8.0 Shoe Brush,9.989999771118164
Golf Gloves,Clicgear Rovic Cooler Bag,39.9900016784668
Golf Gloves,TaylorMade 2014 Purelite Stand Bag,179.99000549316406
Golf Gloves,Titleist Club Glove Travel Cover,299.989990234375
Golf Gloves,Titleist Small Wheeled Travel Cover,249.99000549316406
Golf Shoes,LIJA Women's Argyle Golf Polo,80
Golf Shoes,LIJA Women's Button Golf Dress,108
Golf Shoes,LIJA Women's Eyelet Sleeveless Golf Polo,65
Golf Shoes,LIJA Women's Mid-Length Panel Golf Shorts,100
Health and Beauty,First aid kit,293.0400085449219
Hockey,Nike Dri-FIT Crew Sock 6 Pack,22
Hockey,Nike Women's Legend V-Neck T-Shirt,25
Hockey,Stiga Master Series ST3100 Competition Indoor,329.989990234375
Hunting & Shooting,ENO Atlas Hammock Straps,29.989999771118164
Hunting & Shooting,insta-bed Neverflat Air Mattress,149.99000549316406
Hunting & Shooting,The North Face Women's Recon Backpack,99
Indoor/Outdoor Games,O'Brien Men's Neoprene Life Vest,49.97999954223633
Kids' Golf Clubs,Bushnell Pro X7 Jolt Slope Rangefinder,599.989990234375
Kids' Golf Clubs,Fitbit The One Wireless Activity & Sleep Trac,99.94999694824219
Kids' Golf Clubs,Garmin Approach S4 Golf GPS Watch,299.989990234375
Kids' Golf Clubs,Garmin Forerunner 910XT GPS Watch,399.989990234375
Kids' Golf Clubs,GolfBuddy VT3 GPS Watch,199.99000549316406
Kids' Golf Clubs,Mio ALPHA Heart Rate Monitor/Sport Watch,199
Kids' Golf Clubs,Polar FT4 Heart Rate Monitor,89.98999786376953
Kids' Golf Clubs,Polar Loop Activity Tracker,109.94999694824219
Lacrosse,Nike Kids' Grade School KD VI Basketball Shoe,99.98999786376953
Lacrosse,Under Armour Men's Tech II T-Shirt,24.989999771118164
Men's Clothing,Men's gala suit,210.85000610351562
Men's Footwear,Nike Men's CJ Elite 2 TD Football Cleat,129.99000549316406
Men's Golf Clubs,Merrell Men's All Out Flash Trail Running Sho,109.98999786376953
Men's Golf Clubs,Merrell Women's Grassbow Sport Hiking Shoe,99.98999786376953
Men's Golf Clubs,Merrell Women's Grassbow Sport Waterproof Hik,129.99000549316406
Men's Golf Clubs,Merrell Women's Siren Mid Waterproof Hiking B,134.99000549316406
Music,Rock music,260.6499938964844
Pet Supplies,Adult dog supplies,84.4000015258789
Shop By Sport,Columbia Men's PFG Anchor Tough T-Shirt,30
Shop By Sport,Nike Men's Kobe IX Elite Low Basketball Shoe,199.99000549316406
Shop By Sport,Under Armour Girls' Toddler Spine Surge Runni,39.9900016784668
Soccer,Elevation Training Mask 2.0,79.98999786376953
Soccer,Nike Men's Fingertrap Max Training Shoe,124.98999786376953
Sporting Goods,"Smart watch ",327.75
Strength Training,GoPro HERO3+ Black Edition Camera,399.989990234375
Strength Training,SOLE E35 Elliptical,1999.989990234375
Strength Training,Yakima DoubleDown Ace Hitch Mount 4-Bike Rack,189
Tennis & Racquet,Nike Men's Comfort 2 Slide,44.9900016784668
Toys,"Toys ",11.539999961853027
Trade-In,Garmin Approach S3 Golf GPS Watch,249.99000549316406
Trade-In,Glove It Imperial Golf Towel,15.989999771118164
Trade-In,Glove It Urban Brick Golf Towel,15.989999771118164
Trade-In,Glove It Women's Mod Oval 3-Zip Carry All Gol,21.989999771118164
Video Games,Fighting video games,39.75
Water Sports,Pelican Maverick 100X Kayak,349.989990234375
Water Sports,Pelican Sunstream 100 Kayak,199.99000549316406
Women's Apparel,Nike Men's Dri-FIT Victory Golf Polo,50
Women's Clothing,Summer dresses,215.82000732421875
Women's Golf Clubs,Cleveland Golf Collegiate My Custom Wedge 588,209.99000549316406
Women's Golf Clubs,MDGolf Pittsburgh Penguins Putter,79.98999786376953
Women's Golf Clubs,TaylorMade White Smoke IN-12 Putter,99.98999786376953
